These people have contributed to GNU Libtool.  Some have reported problems,
others have contributed improvements to the documentation and actual code.
The particular contributions are described in the version control logs and
ChangeLog files.  If your name has been left out, if you'd rather not be
listed, or if you'd prefer a different address be used, please send a
note to the bug-report mailing list (as seen at end of e.g., libtool --help).

##                                  
Akim Demaille                       akim@epita.fr
Alan Hourihane                      alanh@fairlite.co.uk
Alan Modra                          amodra@bigpond.net.au
Alan W. Irwin                       irwin@beluga.phys.uvic.ca
Albert Cheng                        acheng@ncsa.uiuc.edu
Albert Chin-A-Young                 china@thewrittenword.com
Alexandre Duret-Lutz                adl@gnu.org
Alexei Sheplyakov                   varg@theor.jinr.ru
Alfred M. Szmidt                    ams@kemisten.nu
Allan McRae                         allan@archlinux.org
Allan Sandfeld Jensen               snowwolf@one2one-networks.com
Alon Bar-Lev                        alon.barlev@gmail.com
Andreas Jaeger                      aj@suse.de
Andreas Schiffler                   aschiffler@ferzkopp.net
Andreas Schwab                      schwab@linux-m68k.org
Andrew C. Feren                     aferen@CetaceanNetworks.com
Andrew Suffield                     asuffield@debian.org
Andrey Slepuhin                     pooh@msu.ru
Aneesh Kumar K.V                    kvaneesh@hotmail.com
Anthony Green                       green@redhat.com
Archie Cobbs                        archie@whistle.com
Arkadiusz Miśkiewicz                arekm@maven.pl
Arne Woerner                        woerner@mediabase-gmbh.de
Assar Westerlund                    assar@sics.se
Bart Van Assche                     bvanassche@acm.org
Benjamin Reed                       ranger@befunk.com
Bernhard Fischer                    spam.protected
Bernhard Rosenkraenzer              bero@redhat.de
Bernhard Voelker                    mail@bernhard-voelker.de
Bert Driehuis                       bert_driehuis@compuware.com
Bob McElrath                        bob+libtool@mcelrath.org
Boyd Lynn Gerber                    gerberb@zenez.com
Brad                                brad@comstyle.com
Brad Smith                          brad@comstyle.com
Brent Leback                        brent.leback@st.com
Brian Barrett                       brbarret@osl.iu.edu
Brian W. Barrett                    bbarrett@lanl.gov
Brice De Bruyne                     bricedb@gmail.com
Brook Moses                         bmoses@google.com
Brooks Moses                        bmoses@google.com
Bruce Korb                          bkorb@gnu.org
Bruno Haible                        bruno@clisp.org
Camilo La Rota                      camilo.larota@ens-lyon.fr
Carl D. Roth                        roth@cse.ucsc.edu
Chad Cunningham                     ccunning@math.ohio-state.edu
Chris Demetriou                     cgd@google.com
Chris Lattner                       sabre@skylab.org
Chris P. Ross                       cross@eng.us.uu.net
Christiaan Welvaart                 cjw@daneel.dyndns.org
Christian Biesinger                 cbiesinger@web.de
Christian Cornelssen                ccorn@cs.tu-berlin.de
Christian Rössel                    christian.roessel@gmx.de
Christoph Egger                     Christoph_Egger@gmx.de
Christoph Pfisterer                 cp@chrisp.de
Christopher A. Knight               chriskn@crt.com
Christopher Hulbert                 cchgroupmail@gmail.com
Christopher Pfisterer               cp@chrisp.de
Craig Dooley                        xlnxminusx@gmail.com
Craig Tierney                       Craig.Tierney@noaa.gov
Cristophe Jarry                     christophe.jarry@ouvaton.org
Dalibor Topic                       robilad@kaffe.org
Dan McMahill                        mcmahill@mtl.mit.edu
Dan McNichol                        mcnichol@austin.ibm.com
Daniel Harvey                       daniel@amristar.com.au
Daniel Kobras                       kobras@linux.de
Daniel Reed                         djr@redhat.com
Daniel Richard G.                   skunk@iSKUNK.ORG
Dave Brolley                        brolley@redhat.com
Dave Korn                           dave.korn.cygwin@googlemail.com
Dave Vasilevsky                     thevas@mac.com
Dave Yost                           Dave@Yost.com
David 'Digit' Turner                digit@google.com
David Edelsohn                      dje.gcc@gmail.com
David Heine                         dlheine@truffle.Stanford.EDU
David Jones                         jones@mosaid.com
Derek R. Price                      derek@ximbiot.com
Dirk Mueller                        dmueller@suse.de
DJ Delorie                          dj@delorie.com
Donald Anderson                     dda@world.std.com
Donald D. Anderson                  dda@sleepycat.com
Donn Washburn                       n5xwb@comcast.net
Doug Evans                          devans@casey.cygnus.com
Edouard G. Parmelan                 Edouard.Parmelan@France.NCR.COM
Edward M. Lee                       tailbert@yahoo.com
Elizabeth Barham                    soggytrousers@yahoo.com
Erez Zadok                          ezk@cs.columbia.edu
Eric Bavier                         bavier@cray.com
Eric Blake                          ebb9@byu.net
Eric Estievenart                    eric@via.ecp.fr
Eric Lindahl                        erik@theophys.kth.se
Erik van Pienbroek                  erik-gnu@vanpienbroek.nl
Ethan Mallove                       ethan.mallove@sun.com
Fabian Groffen                      grobian@gentoo.org
Frank Ch. Eigler                    fche@cygnus.com
Fred Cox                            sailorfred@yahoo.com
Fred Fish                           fnf@be.com
Fredrik Estreen                     estreen@algonet.se
Fritz Elfert                        felfert@to.com
Gary Kumfert                        kumfert@llnl.gov
Geoffrey Keating                    geoffk@apple.com
George Bosilca                      bosilca@cs.utk.edu
Gerald Pfeifer                      gerald@pfeifer.com
Greg Eisenhauer                     eisen@cc.gatech.edu
Guido Draheim                       guidod-2001q3@gmx.de
H.J. Lu                             hjl@gnu.org
Henning Nielsen Lund                hnl_dk@amigaos.dk
Howard Chu                          hyc@highlandsun.com
Ian Lance Taylor                    ian@cygnus.com
Ingo Weinhold                       ingo_weinhold@gmx.de
Jacob Meuser                        jakemsr@jakemsr.com
Jakub Bogusz                        qboosh@pld-linux.org
Jakub Jelinek                       jakub@redhat.com
James E Wilson                      wilson@specifixinc.com
James Su                            james.su@gmail.com
Jan Engelhardt                      jengelh@inai.de
Jan Kratochvil                      project-libtool@jankratochvil.net
Jay Krell                           jay.krell@cornell.edu
Jean-Frederic Clere                 jfrederic.clere@fujitsu-siemens.com
Jeff Squyres                        jsquyres@cisco.com
Jens Petersen                       petersen@redhat.com
Jeremie LE HEN                      tataz@sitadelle.com
Jeremy C. Reed                      reed@reedmedia.net
Jim Meyering                        jim@meyering.net
Jim Pick                            jim@kaffe.org
Jim Tison                           jtison@us.ibm.com
Jiro Takabatake                     jiro@din.or.jp
Joakim Tjernlund                    joakim.tjernlund@transmode.se
Joe Orton                           joe@manyfish.co.uk
Joel N. Weber II                    devnull@gnu.org
Joerg Sonnenberger                  joerg@netbsd.org
John Bowler                         jbowler@acm.org
John David Anglin                   dave.anglin@nrc-cnrc.gc.ca
John R. Cary                        cary@txcorp.com
John Wehle                          john@feith.com
John Wolfe                          jlw@sco.com
Jon Meredith                        jonm@alchemetrics.co.uk
Joseph Beckenbach III               jrb3@best.com
Joseph Prostko                      joe.prostko@gmail.com
Juergen Reuter                      reuter@t00pcx17094.desy.de
Justin Lecher                       jlec@gentoo.org
Jürgen Reuter                       juergen.reuter@physik.uni-freiburg.de
Karl Berry                          karl@freefriends.org
Kean Johnston                       jkj@sco.com
Keith Packard                       keithp@keithp.com
Ken Block                           block@zk3.dec.com
Kenneth Albanowski                  kjahds@kjahds.com
Kevin P. Fleming                    kpfleming@backtobasicsmgmt.com
Kevin Ryde                          user42@zip.com.au
Khem Raj                            raj.khem@gmail.com
KO Myung-Hun                        komh@chollian.net
Kurt D. Zeilenga                    Kurt@OpenLDAP.Org
Kurt Roeckx                         kurt@roeckx.be
Lawrence Velázquez                  larryv@macports.org
Leif Ekblad                         leif@rdos.net
Lennart Poettering                  lennart@poettering.net
Lionel Landwerlin                   llandwerlin@gmail.com
Loren James Rittle                  rittle@latour.rsch.comm.mot.com
Maciej Helminiak                    dion2@wp.pl
Maciej W. Rozycki                   macro@ds2.pg.gda.pl
Mahesh Narayanamurthi               mahesh.mach@gmail.com
Makoto Ishisone                     ishisone@sra.co.jp
Manfred Weichel                     Manfred.Weichel@pdb.siemens.de
Manish Singh                        yosh@gimp.org
Marc Espie                          espie@nerim.net
Marc Glisse                         marc.glisse@inria.fr
Marc J. Fraioli                     fraioli@dg-rtp.dg.com
Marcel Loose                        loose@astron.nl
Marcus Comstedt                     marcus@mc.pp.se
Marius Vollmer                      mvo@zagadka.de
Mark Kettenis                       kettenis@gnu.org
Markus Duft                         markus.duft@salomon.at
Markus F.X.J. Oberhumer             markus@oberhumer.com
Martin Doucha                       doucha@integri.cz
Masahiro Nobori                     nobori@ss.titech.ac.jp
Mats Rynge                          rynge@isi.edu
Matthieu Herrb                      matthieu.herrb@laas.fr
Matthijs Kooijman                   matthijs@stdin.nl
Max Bowsher                         maxb@ukf.net
Michael Forster                     email@michael-forster.de
Michael Haubenwallner               michael.haubenwallner@salomon.at
Michael Matz                        matz@ifh.de
Michael Pruett                      michael@68k.org
Michael Schmitz                     mschmitz@iname.com
Michael Tiemann                     tiemann@cygnus.com
Micheal E. Faenza                   mfaenza@mitre.org
Mike Frysinger                      vapier@gentoo.org
Mike Gorchak                        lestat@i.com.ua
Mike Miller                         mtmiller@ieee.org
Mike Stump                          mrs@apple.com
Mikhail Zabaluev                    mikhail.zabaluev@gmail.com
Misty De Meo                        misty@brew.sh
Mo DeJong                           mdejong@redhat.com
Mocha                               netbsd_alpha@yahoo.com
Morten Eriksen                      mortene@sim.no
Mumit Khan                          khan@xraylith.wisc.edu
Naofumi Yasufuku                    naofumi@yasufuku.net
Nick Bowler                         nbowler@draconx.ca
Nick Hudson                         nick@nthcliff.demon.co.uk
Nick Rasmussen                      nick@jive.org
NIIBE Yutaka                        gniibe@m17n.org
Nix                                 nix@esperi.org.uk
Noah Misch                          noah@cs.caltech.edu
Norihiro Tanaka                     noritnk@kcn.ne.jp
Olaf Lenz                           olenz@fias.uni-frankfurt.de
Olivier Blin                        olivier.blin@softathome.com
Ollie Wild                          aaw@google.com
Olly Betts                          olly@muscat.co.uk
Ondřej Bílka                        neleai@seznam.cz
Ozkan Sezer                         sezeroz@gmail.com
Paolo Bonzini                       bonzini@gnu.org
Patrice Fromy                       patrice.fromy@u-psud.fr
Patrick Welche                      prlw1@newn.cam.ac.uk
Paul Berrevoets                     paul@swi.com
Paul Biggar                         paul.biggar@gmail.com
Paul Eggert                         eggert@cs.ucla.edu
Paul Laight                         plaight@quantxautomation.co.uk
Paul Seidler                        sepek@lavabit.com
Paul Sokolovsky                     Paul.Sokolovsky@technologist.com
Pavel (Pasha) Shamis                shamisp@ornl.gov
Pavel Raiskup                       praiskup@redhat.com
Pavel Roskin                        pavel_roskin@geocities.com
Paweł Daniluk                       pawel@bioexploratorium.pl
Per Bothner                         per@bothner.com
Peter Breitenlohner                 peb@mppmu.mpg.de
Peter Eisentraut                    peter_e@gmx.net
Peter Ekberg                        peda@axentia.se
Peter Fritzsche                     peter.fritzsche@gmx.de
Peter Jeremy                        peterjeremy@optushome.com.au
Peter Johansson                     trojkan@gmail.com
Peter Kjellerstedt                  peter.kjellerstedt@axis.com
Peter Rosin                         peda@lysator.liu.se
Philip Allison                      philip.allison@smoothwall.net
Pierre Ossman                       ossman@ossman.lkpg.cendio.se
Pádraig Brady                       P@draigBrady.com
Rainer Emrich                       r.emrich@de.tecosim.com
Rainer Orth                         ro@CeBiTec.Uni-Bielefeld.DE
Rainer Tammer                       tammer@tammer.net
Raja R Harinath                     harinath@cs.umn.edu
Ralf Menzel                         menzel@ls6.cs.uni-dortmund.de
Ralph Schleicher                    rs@nunatak.allgaeu.org
Reid Spencer                        reid@x10sys.com
Reuben Thomas                       rrt@sc3d.org
Richard B. Kreckel                  kreckel@ginac.de
Richard Dawe                        rich@phekda.freeserve.co.uk
Richard Moseley                     dickie.moseley@virgin.net
Richard Palo                        richard.palo@baou.fr
Richard Purdie                      rpurdie@rpsys.net
Richard Sandiford                   richards@transitive.com
Robert Garron                       Robert.Garron@Access3000.net
Robert Millan                       rmh@aybabtu.com
Robert Yang                         liezhi.yang@windriver.com
Robert Ögren                        lists@roboros.com
Roberto Bagnara                     bagnara@cs.unipr.it
Roger Cornelius                     rac@tenzing.org
Roland Mainz                        roland.mainz@nrubsig.org
Roumen Petrov                       bugtrack@roumenpetrov.info
Rudolf Leitgeb                      r.leitgeb@x-pin.com
Ryan Hill                           dirtyepic@gentoo.org
Sam Thursfield                      ssssam@gmail.com
Samuel Meder                        meder@mcs.anl.gov
Samuel Thibault                     samuel.thibault@ens-lyon.org
Sascha Schumann                     sascha@schumann.cx
Scott McCreary                      scottmc2@gmail.com
Sebastian Wilhelmi                  wilhelmi@ira.uka.de
Simon Josefsson                     jas@extundo.com
Stas Maximov                        smaximov@ieee.org
Stefan Nordhausen                   nordhaus@informatik.hu-berlin.de
Stefan Sperling                     stsp@elego.de
Stepan Kasal                        kasal@ucw.cz
Stephan Kulow                       coolo@kde.org
Stephane Conversy                   Stephane.Conversy@lri.fr
Steve Ellcey                        sellcey@mips.com
Steve Price                         sprice@hiwaay.net
Steven M. Schultz                   sms@moe.2bsd.com
Svante Signell                      srs@kth.se
Sven Verdoolaege                    skimo@liacs.nl
Syd Polk                            spolk@redhat.com
Terry D. Dontje                     Terry.Dontje@Sun.COM
Thorsten Glaser                     tg@66h.42h.de
Tijl Coosemans                      tijl@FreeBSD.org
Tilman Koschnick                    til@subnetz.org
Tim Mooney                          mooney@dogbert.cc.ndsu.NoDak.edu
Tim Rice                            tim@multitalents.net
Tim Van Holder                      tim.van.holder@pandora.be
Timothy Wall                        twall@oculustech.com
Titus von Boxberg                   titus@v9g.de
Tod Milam                           tmilam@traclabs.com
Todd C. Miller                      Todd.Miller@courtesan.com
Todd Vierling                       tv@duh.org
Tom Kacvinsky                       tjk@ams.org
Tom Tromey                          tromey@cygnus.com
Tony Wyatt                          wyattaw@optushome.com.au
Tor Lillqvist                       tml@iki.fi
Toshio Kuratomi                     badger@prtr-13.ucsc.edu
Török Edwin                         edwintorok@gmail.com
Ulrich Drepper                      drepper@ipd.info.uni-karlsruhe.de
Utz-Uwe Haus                        haus@mail.math.uni-magdeburg.de
Vadim                               vadim@olly.ru
Vadim Zeitlin                       vz-libtool@zeitlins.org
Vincent Lefevre                     vincent@vinc17.net
Vincent Torri                       doursse@users.sf.net
Vladimir Kushnir                    kushn@mail.kar.net
Volker Christian                    voc@soft.uni-linz.ac.at
Václav Zeman                        vhaisman@gmail.com
Warren Dodge                        warren.l.dodge@Tektronix.com
Wesley W. Terpstra                  terpstra@ito.tu-darmstadt.de
Wilfredo Sanchez                    wsanchez@apple.com
William M. Perry                    wmperry@aventail.com
Xavier Pianet                       xavier@xingo.com
Xin LI                              d@delphij.net
Yaakov Selkowitz                    yselkowitz@users.sourceforge.net
Юрий Андреевич Пухальский           pooh@cryptopro.ru
Дилян Палаузов                      dilyan.palauzov@aegee.org

;; Local Variables:
;; coding: utf-8
;; End:
